
CREATE TABLE Students (
    student_id INT PRIMARY KEY,
    name VARCHAR(100),
    department VARCHAR(50),
    batch_year INT
);

CREATE TABLE Courses (
    course_id INT PRIMARY KEY,
    course_name VARCHAR(100),
    credits INT
);

CREATE TABLE Semesters (
    semester_id INT PRIMARY KEY,
    semester_name VARCHAR(20)
);

CREATE TABLE Grades (
    grade_id INT AUTO_INCREMENT PRIMARY KEY,
    student_id INT,
    course_id INT,
    semester_id INT,
    marks INT,
    grade CHAR(2),
    FOREIGN KEY (student_id) REFERENCES Students(student_id),
    FOREIGN KEY (course_id) REFERENCES Courses(course_id),
    FOREIGN KEY (semester_id) REFERENCES Semesters(semester_id)
);

INSERT INTO Students (student_id, name, department, batch_year) VALUES
(1, 'Student 1', 'ECE', 2022),
(2, 'Student 2', 'MECH', 2022),
(3, 'Student 3', 'ECE', 2022),
(4, 'Student 4', 'EEE', 2022),
(5, 'Student 5', 'CSE', 2022),
(6, 'Student 6', 'CSE', 2022),
(7, 'Student 7', 'CSE', 2022),
(8, 'Student 8', 'EEE', 2022),
(9, 'Student 9', 'EEE', 2022),
(10, 'Student 10', 'ECE', 2022),
(11, 'Student 11', 'EEE', 2022),
(12, 'Student 12', 'EEE', 2022),
(13, 'Student 13', 'EEE', 2022),
(14, 'Student 14', 'ECE', 2022),
(15, 'Student 15', 'EEE', 2022),
(16, 'Student 16', 'MECH', 2022),
(17, 'Student 17', 'MECH', 2022),
(18, 'Student 18', 'EEE', 2022),
(19, 'Student 19', 'ECE', 2022),
(20, 'Student 20', 'EEE', 2022),
(21, 'Student 21', 'MECH', 2022),
(22, 'Student 22', 'EEE', 2022),
(23, 'Student 23', 'EEE', 2022),
(24, 'Student 24', 'CSE', 2022),
(25, 'Student 25', 'ECE', 2022),
(26, 'Student 26', 'ECE', 2022),
(27, 'Student 27', 'ECE', 2022),
(28, 'Student 28', 'CSE', 2022),
(29, 'Student 29', 'EEE', 2022),
(30, 'Student 30', 'EEE', 2022),
(31, 'Student 31', 'MECH', 2022),
(32, 'Student 32', 'CSE', 2022),
(33, 'Student 33', 'CSE', 2022),
(34, 'Student 34', 'CSE', 2022),
(35, 'Student 35', 'MECH', 2022),
(36, 'Student 36', 'MECH', 2022),
(37, 'Student 37', 'ECE', 2022),
(38, 'Student 38', 'ECE', 2022),
(39, 'Student 39', 'CSE', 2022),
(40, 'Student 40', 'ECE', 2022),
(41, 'Student 41', 'CSE', 2022),
(42, 'Student 42', 'MECH', 2022),
(43, 'Student 43', 'MECH', 2022),
(44, 'Student 44', 'CSE', 2022),
(45, 'Student 45', 'MECH', 2022),
(46, 'Student 46', 'CSE', 2022),
(47, 'Student 47', 'MECH', 2022),
(48, 'Student 48', 'ECE', 2022),
(49, 'Student 49', 'ECE', 2022),
(50, 'Student 50', 'ECE', 2022),
(51, 'Student 51', 'CSE', 2022),
(52, 'Student 52', 'MECH', 2022),
(53, 'Student 53', 'CSE', 2022),
(54, 'Student 54', 'ECE', 2022),
(55, 'Student 55', 'ECE', 2022),
(56, 'Student 56', 'EEE', 2022),
(57, 'Student 57', 'MECH', 2022),
(58, 'Student 58', 'MECH', 2022),
(59, 'Student 59', 'ECE', 2022),
(60, 'Student 60', 'EEE', 2022),
(61, 'Student 61', 'ECE', 2022),
(62, 'Student 62', 'ECE', 2022),
(63, 'Student 63', 'EEE', 2022),
(64, 'Student 64', 'ECE', 2022),
(65, 'Student 65', 'EEE', 2022),
(66, 'Student 66', 'EEE', 2022),
(67, 'Student 67', 'EEE', 2022),
(68, 'Student 68', 'MECH', 2022),
(69, 'Student 69', 'EEE', 2022),
(70, 'Student 70', 'MECH', 2022),
(71, 'Student 71', 'ECE', 2022),
(72, 'Student 72', 'EEE', 2022),
(73, 'Student 73', 'EEE', 2022),
(74, 'Student 74', 'ECE', 2022),
(75, 'Student 75', 'MECH', 2022),
(76, 'Student 76', 'ECE', 2022),
(77, 'Student 77', 'MECH', 2022),
(78, 'Student 78', 'CSE', 2022),
(79, 'Student 79', 'ECE', 2022),
(80, 'Student 80', 'EEE', 2022),
(81, 'Student 81', 'MECH', 2022),
(82, 'Student 82', 'MECH', 2022),
(83, 'Student 83', 'MECH', 2022),
(84, 'Student 84', 'MECH', 2022),
(85, 'Student 85', 'EEE', 2022),
(86, 'Student 86', 'MECH', 2022),
(87, 'Student 87', 'EEE', 2022),
(88, 'Student 88', 'ECE', 2022),
(89, 'Student 89', 'CSE', 2022),
(90, 'Student 90', 'EEE', 2022),
(91, 'Student 91', 'ECE', 2022),
(92, 'Student 92', 'MECH', 2022),
(93, 'Student 93', 'ECE', 2022),
(94, 'Student 94', 'ECE', 2022),
(95, 'Student 95', 'EEE', 2022),
(96, 'Student 96', 'CSE', 2022),
(97, 'Student 97', 'MECH', 2022),
(98, 'Student 98', 'CSE', 2022),
(99, 'Student 99', 'EEE', 2022),
(100, 'Student 100', 'ECE', 2022);
INSERT INTO Courses (course_id, course_name, credits) VALUES
(101, 'Data Structures', 4),
(102, 'Operating Systems', 3),
(103, 'Databases', 3),
(104, 'Computer Networks', 3),
(105, 'Software Engineering', 2);
INSERT INTO Semesters (semester_id, semester_name) VALUES
(1, 'Semester 1'),
(2, 'Semester 2');
INSERT INTO Grades (student_id, course_id, semester_id, marks, grade) VALUES
(1, 101, 1, 75, 'C'),
(1, 102, 1, 78, 'C'),
(1, 103, 1, 89, 'B'),
(1, 104, 1, 41, 'F'),
(1, 105, 1, 77, 'C'),
(1, 101, 2, 65, 'D'),
(1, 102, 2, 64, 'D'),
(1, 103, 2, 63, 'D'),
(1, 104, 2, 54, 'F'),
(1, 105, 2, 41, 'F'),
(2, 101, 1, 92, 'A'),
(2, 102, 1, 41, 'F'),
(2, 103, 1, 47, 'F'),
(2, 104, 1, 95, 'A'),
(2, 105, 1, 41, 'F'),
(2, 101, 2, 41, 'F'),
(2, 102, 2, 50, 'F'),
(2, 103, 2, 76, 'C'),
(2, 104, 2, 50, 'F'),
(2, 105, 2, 43, 'F'),
(3, 101, 1, 72, 'C'),
(3, 102, 1, 70, 'C'),
(3, 103, 1, 87, 'B'),
(3, 104, 1, 75, 'C'),
(3, 105, 1, 88, 'B'),
(3, 101, 2, 88, 'B'),
(3, 102, 2, 99, 'A'),
(3, 103, 2, 53, 'F'),
(3, 104, 2, 55, 'F'),
(3, 105, 2, 57, 'F'),
(4, 101, 1, 90, 'A'),
(4, 102, 1, 60, 'D'),
(4, 103, 1, 74, 'C'),
(4, 104, 1, 58, 'F'),
(4, 105, 1, 79, 'C'),
(4, 101, 2, 51, 'F'),
(4, 102, 2, 67, 'D'),
(4, 103, 2, 83, 'B'),
(4, 104, 2, 94, 'A'),
(4, 105, 2, 48, 'F'),
(5, 101, 1, 74, 'C'),
(5, 102, 1, 94, 'A'),
(5, 103, 1, 43, 'F'),
(5, 104, 1, 61, 'D'),
(5, 105, 1, 61, 'D'),
(5, 101, 2, 40, 'F'),
(5, 102, 2, 97, 'A'),
(5, 103, 2, 93, 'A'),
(5, 104, 2, 58, 'F'),
(5, 105, 2, 89, 'B'),
(6, 101, 1, 62, 'D'),
(6, 102, 1, 71, 'C'),
(6, 103, 1, 92, 'A'),
(6, 104, 1, 90, 'A'),
(6, 105, 1, 94, 'A'),
(6, 101, 2, 45, 'F'),
(6, 102, 2, 81, 'B'),
(6, 103, 2, 41, 'F'),
(6, 104, 2, 66, 'D'),
(6, 105, 2, 55, 'F'),
(7, 101, 1, 71, 'C'),
(7, 102, 1, 96, 'A'),
(7, 103, 1, 80, 'B'),
(7, 104, 1, 90, 'A'),
(7, 105, 1, 62, 'D'),
(7, 101, 2, 45, 'F'),
(7, 102, 2, 94, 'A'),
(7, 103, 2, 91, 'A'),
(7, 104, 2, 82, 'B'),
(7, 105, 2, 82, 'B'),
(8, 101, 1, 100, 'A'),
(8, 102, 1, 62, 'D'),
(8, 103, 1, 72, 'C'),
(8, 104, 1, 98, 'A'),
(8, 105, 1, 68, 'D'),
(8, 101, 2, 54, 'F'),
(8, 102, 2, 85, 'B'),
(8, 103, 2, 75, 'C'),
(8, 104, 2, 85, 'B'),
(8, 105, 2, 76, 'C'),
(9, 101, 1, 43, 'F'),
(9, 102, 1, 76, 'C'),
(9, 103, 1, 63, 'D'),
(9, 104, 1, 89, 'B'),
(9, 105, 1, 64, 'D'),
(9, 101, 2, 54, 'F'),
(9, 102, 2, 92, 'A'),
(9, 103, 2, 46, 'F'),
(9, 104, 2, 53, 'F'),
(9, 105, 2, 66, 'D'),
(10, 101, 1, 69, 'D'),
(10, 102, 1, 50, 'F'),
(10, 103, 1, 42, 'F'),
(10, 104, 1, 68, 'D'),
(10, 105, 1, 95, 'A'),
(10, 101, 2, 60, 'D'),
(10, 102, 2, 58, 'F'),
(10, 103, 2, 41, 'F'),
(10, 104, 2, 40, 'F'),
(10, 105, 2, 71, 'C'),
(11, 101, 1, 77, 'C'),
(11, 102, 1, 75, 'C'),
(11, 103, 1, 77, 'C'),
(11, 104, 1, 55, 'F'),
(11, 105, 1, 91, 'A'),
(11, 101, 2, 53, 'F'),
(11, 102, 2, 93, 'A'),
(11, 103, 2, 92, 'A'),
(11, 104, 2, 81, 'B'),
(11, 105, 2, 73, 'C'),
(12, 101, 1, 76, 'C'),
(12, 102, 1, 81, 'B'),
(12, 103, 1, 95, 'A'),
(12, 104, 1, 47, 'F'),
(12, 105, 1, 68, 'D'),
(12, 101, 2, 72, 'C'),
(12, 102, 2, 72, 'C'),
(12, 103, 2, 79, 'C'),
(12, 104, 2, 47, 'F'),
(12, 105, 2, 90, 'A'),
(13, 101, 1, 61, 'D'),
(13, 102, 1, 75, 'C'),
(13, 103, 1, 47, 'F'),
(13, 104, 1, 57, 'F'),
(13, 105, 1, 93, 'A'),
(13, 101, 2, 42, 'F'),
(13, 102, 2, 72, 'C'),
(13, 103, 2, 52, 'F'),
(13, 104, 2, 90, 'A'),
(13, 105, 2, 96, 'A'),
(14, 101, 1, 75, 'C'),
(14, 102, 1, 66, 'D'),
(14, 103, 1, 57, 'F'),
(14, 104, 1, 76, 'C'),
(14, 105, 1, 88, 'B'),
(14, 101, 2, 82, 'B'),
(14, 102, 2, 72, 'C'),
(14, 103, 2, 70, 'C'),
(14, 104, 2, 89, 'B'),
(14, 105, 2, 92, 'A'),
(15, 101, 1, 56, 'F'),
(15, 102, 1, 59, 'F'),
(15, 103, 1, 71, 'C'),
(15, 104, 1, 75, 'C'),
(15, 105, 1, 94, 'A'),
(15, 101, 2, 83, 'B'),
(15, 102, 2, 58, 'F'),
(15, 103, 2, 40, 'F'),
(15, 104, 2, 56, 'F'),
(15, 105, 2, 94, 'A'),
(16, 101, 1, 74, 'C'),
(16, 102, 1, 52, 'F'),
(16, 103, 1, 82, 'B'),
(16, 104, 1, 47, 'F'),
(16, 105, 1, 97, 'A'),
(16, 101, 2, 88, 'B'),
(16, 102, 2, 84, 'B'),
(16, 103, 2, 68, 'D'),
(16, 104, 2, 73, 'C'),
(16, 105, 2, 95, 'A'),
(17, 101, 1, 46, 'F'),
(17, 102, 1, 51, 'F'),
(17, 103, 1, 99, 'A'),
(17, 104, 1, 69, 'D'),
(17, 105, 1, 71, 'C'),
(17, 101, 2, 48, 'F'),
(17, 102, 2, 88, 'B'),
(17, 103, 2, 91, 'A'),
(17, 104, 2, 59, 'F'),
(17, 105, 2, 49, 'F'),
(18, 101, 1, 46, 'F'),
(18, 102, 1, 54, 'F'),
(18, 103, 1, 88, 'B'),
(18, 104, 1, 50, 'F'),
(18, 105, 1, 49, 'F'),
(18, 101, 2, 80, 'B'),
(18, 102, 2, 62, 'D'),
(18, 103, 2, 100, 'A'),
(18, 104, 2, 77, 'C'),
(18, 105, 2, 67, 'D'),
(19, 101, 1, 71, 'C'),
(19, 102, 1, 55, 'F'),
(19, 103, 1, 44, 'F'),
(19, 104, 1, 71, 'C'),
(19, 105, 1, 46, 'F'),
(19, 101, 2, 63, 'D'),
(19, 102, 2, 76, 'C'),
(19, 103, 2, 63, 'D'),
(19, 104, 2, 69, 'D'),
(19, 105, 2, 47, 'F'),
(20, 101, 1, 76, 'C'),
(20, 102, 1, 58, 'F'),
(20, 103, 1, 85, 'B'),
(20, 104, 1, 89, 'B'),
(20, 105, 1, 91, 'A'),
(20, 101, 2, 97, 'A'),
(20, 102, 2, 74, 'C'),
(20, 103, 2, 86, 'B'),
(20, 104, 2, 49, 'F'),
(20, 105, 2, 90, 'A'),
(21, 101, 1, 93, 'A'),
(21, 102, 1, 67, 'D'),
(21, 103, 1, 84, 'B'),
(21, 104, 1, 86, 'B'),
(21, 105, 1, 94, 'A'),
(21, 101, 2, 53, 'F'),
(21, 102, 2, 59, 'F'),
(21, 103, 2, 62, 'D'),
(21, 104, 2, 64, 'D'),
(21, 105, 2, 84, 'B'),
(22, 101, 1, 56, 'F'),
(22, 102, 1, 46, 'F'),
(22, 103, 1, 98, 'A'),
(22, 104, 1, 92, 'A'),
(22, 105, 1, 65, 'D'),
(22, 101, 2, 86, 'B'),
(22, 102, 2, 66, 'D'),
(22, 103, 2, 85, 'B'),
(22, 104, 2, 83, 'B'),
(22, 105, 2, 91, 'A'),
(23, 101, 1, 66, 'D'),
(23, 102, 1, 62, 'D'),
(23, 103, 1, 57, 'F'),
(23, 104, 1, 43, 'F'),
(23, 105, 1, 70, 'C'),
(23, 101, 2, 92, 'A'),
(23, 102, 2, 60, 'D'),
(23, 103, 2, 87, 'B'),
(23, 104, 2, 66, 'D'),
(23, 105, 2, 98, 'A'),
(24, 101, 1, 42, 'F'),
(24, 102, 1, 63, 'D'),
(24, 103, 1, 87, 'B'),
(24, 104, 1, 96, 'A'),
(24, 105, 1, 78, 'C'),
(24, 101, 2, 49, 'F'),
(24, 102, 2, 62, 'D'),
(24, 103, 2, 90, 'A'),
(24, 104, 2, 73, 'C'),
(24, 105, 2, 75, 'C'),
(25, 101, 1, 50, 'F'),
(25, 102, 1, 82, 'B'),
(25, 103, 1, 92, 'A'),
(25, 104, 1, 90, 'A'),
(25, 105, 1, 71, 'C'),
(25, 101, 2, 58, 'F'),
(25, 102, 2, 61, 'D'),
(25, 103, 2, 86, 'B'),
(25, 104, 2, 71, 'C'),
(25, 105, 2, 42, 'F'),
(26, 101, 1, 84, 'B'),
(26, 102, 1, 99, 'A'),
(26, 103, 1, 43, 'F'),
(26, 104, 1, 78, 'C'),
(26, 105, 1, 86, 'B'),
(26, 101, 2, 47, 'F'),
(26, 102, 2, 45, 'F'),
(26, 103, 2, 41, 'F'),
(26, 104, 2, 83, 'B'),
(26, 105, 2, 52, 'F'),
(27, 101, 1, 86, 'B'),
(27, 102, 1, 53, 'F'),
(27, 103, 1, 77, 'C'),
(27, 104, 1, 71, 'C'),
(27, 105, 1, 56, 'F'),
(27, 101, 2, 41, 'F'),
(27, 102, 2, 48, 'F'),
(27, 103, 2, 95, 'A'),
(27, 104, 2, 41, 'F'),
(27, 105, 2, 42, 'F'),
(28, 101, 1, 43, 'F'),
(28, 102, 1, 86, 'B'),
(28, 103, 1, 55, 'F'),
(28, 104, 1, 86, 'B'),
(28, 105, 1, 66, 'D'),
(28, 101, 2, 76, 'C'),
(28, 102, 2, 77, 'C'),
(28, 103, 2, 69, 'D'),
(28, 104, 2, 100, 'A'),
(28, 105, 2, 61, 'D'),
(29, 101, 1, 82, 'B'),
(29, 102, 1, 57, 'F'),
(29, 103, 1, 90, 'A'),
(29, 104, 1, 56, 'F'),
(29, 105, 1, 80, 'B'),
(29, 101, 2, 86, 'B'),
(29, 102, 2, 68, 'D'),
(29, 103, 2, 72, 'C'),
(29, 104, 2, 75, 'C'),
(29, 105, 2, 72, 'C'),
(30, 101, 1, 84, 'B'),
(30, 102, 1, 86, 'B'),
(30, 103, 1, 88, 'B'),
(30, 104, 1, 72, 'C'),
(30, 105, 1, 60, 'D'),
(30, 101, 2, 56, 'F'),
(30, 102, 2, 58, 'F'),
(30, 103, 2, 90, 'A'),
(30, 104, 2, 92, 'A'),
(30, 105, 2, 67, 'D'),
(31, 101, 1, 87, 'B'),
(31, 102, 1, 62, 'D'),
(31, 103, 1, 43, 'F'),
(31, 104, 1, 85, 'B'),
(31, 105, 1, 83, 'B'),
(31, 101, 2, 96, 'A'),
(31, 102, 2, 58, 'F'),
(31, 103, 2, 75, 'C'),
(31, 104, 2, 97, 'A'),
(31, 105, 2, 74, 'C'),
(32, 101, 1, 78, 'C'),
(32, 102, 1, 94, 'A'),
(32, 103, 1, 47, 'F'),
(32, 104, 1, 61, 'D'),
(32, 105, 1, 93, 'A'),
(32, 101, 2, 100, 'A'),
(32, 102, 2, 51, 'F'),
(32, 103, 2, 90, 'A'),
(32, 104, 2, 59, 'F'),
(32, 105, 2, 40, 'F'),
(33, 101, 1, 45, 'F'),
(33, 102, 1, 91, 'A'),
(33, 103, 1, 42, 'F'),
(33, 104, 1, 89, 'B'),
(33, 105, 1, 89, 'B'),
(33, 101, 2, 100, 'A'),
(33, 102, 2, 73, 'C'),
(33, 103, 2, 44, 'F'),
(33, 104, 2, 49, 'F'),
(33, 105, 2, 70, 'C'),
(34, 101, 1, 47, 'F'),
(34, 102, 1, 90, 'A'),
(34, 103, 1, 84, 'B'),
(34, 104, 1, 50, 'F'),
(34, 105, 1, 87, 'B'),
(34, 101, 2, 75, 'C'),
(34, 102, 2, 75, 'C'),
(34, 103, 2, 74, 'C'),
(34, 104, 2, 64, 'D'),
(34, 105, 2, 61, 'D'),
(35, 101, 1, 85, 'B'),
(35, 102, 1, 81, 'B'),
(35, 103, 1, 96, 'A'),
(35, 104, 1, 76, 'C'),
(35, 105, 1, 91, 'A'),
(35, 101, 2, 54, 'F'),
(35, 102, 2, 72, 'C'),
(35, 103, 2, 41, 'F'),
(35, 104, 2, 43, 'F'),
(35, 105, 2, 92, 'A'),
(36, 101, 1, 85, 'B'),
(36, 102, 1, 52, 'F'),
(36, 103, 1, 51, 'F'),
(36, 104, 1, 76, 'C'),
(36, 105, 1, 69, 'D'),
(36, 101, 2, 69, 'D'),
(36, 102, 2, 61, 'D'),
(36, 103, 2, 100, 'A'),
(36, 104, 2, 99, 'A'),
(36, 105, 2, 76, 'C'),
(37, 101, 1, 75, 'C'),
(37, 102, 1, 83, 'B'),
(37, 103, 1, 68, 'D'),
(37, 104, 1, 89, 'B'),
(37, 105, 1, 69, 'D'),
(37, 101, 2, 66, 'D'),
(37, 102, 2, 40, 'F'),
(37, 103, 2, 62, 'D'),
(37, 104, 2, 49, 'F'),
(37, 105, 2, 67, 'D'),
(38, 101, 1, 46, 'F'),
(38, 102, 1, 66, 'D'),
(38, 103, 1, 96, 'A'),
(38, 104, 1, 75, 'C'),
(38, 105, 1, 68, 'D'),
(38, 101, 2, 100, 'A'),
(38, 102, 2, 67, 'D'),
(38, 103, 2, 61, 'D'),
(38, 104, 2, 96, 'A'),
(38, 105, 2, 42, 'F'),
(39, 101, 1, 49, 'F'),
(39, 102, 1, 75, 'C'),
(39, 103, 1, 89, 'B'),
(39, 104, 1, 89, 'B'),
(39, 105, 1, 80, 'B'),
(39, 101, 2, 49, 'F'),
(39, 102, 2, 72, 'C'),
(39, 103, 2, 56, 'F'),
(39, 104, 2, 100, 'A'),
(39, 105, 2, 68, 'D'),
(40, 101, 1, 64, 'D'),
(40, 102, 1, 62, 'D'),
(40, 103, 1, 83, 'B'),
(40, 104, 1, 84, 'B'),
(40, 105, 1, 47, 'F'),
(40, 101, 2, 57, 'F'),
(40, 102, 2, 90, 'A'),
(40, 103, 2, 48, 'F'),
(40, 104, 2, 55, 'F'),
(40, 105, 2, 97, 'A'),
(41, 101, 1, 88, 'B'),
(41, 102, 1, 66, 'D'),
(41, 103, 1, 76, 'C'),
(41, 104, 1, 75, 'C'),
(41, 105, 1, 90, 'A'),
(41, 101, 2, 70, 'C'),
(41, 102, 2, 69, 'D'),
(41, 103, 2, 93, 'A'),
(41, 104, 2, 66, 'D'),
(41, 105, 2, 40, 'F'),
(42, 101, 1, 54, 'F'),
(42, 102, 1, 83, 'B'),
(42, 103, 1, 75, 'C'),
(42, 104, 1, 100, 'A'),
(42, 105, 1, 85, 'B'),
(42, 101, 2, 98, 'A'),
(42, 102, 2, 44, 'F'),
(42, 103, 2, 64, 'D'),
(42, 104, 2, 70, 'C'),
(42, 105, 2, 58, 'F'),
(43, 101, 1, 72, 'C'),
(43, 102, 1, 63, 'D'),
(43, 103, 1, 47, 'F'),
(43, 104, 1, 74, 'C'),
(43, 105, 1, 78, 'C'),
(43, 101, 2, 88, 'B'),
(43, 102, 2, 42, 'F'),
(43, 103, 2, 63, 'D'),
(43, 104, 2, 90, 'A'),
(43, 105, 2, 77, 'C'),
(44, 101, 1, 93, 'A'),
(44, 102, 1, 91, 'A'),
(44, 103, 1, 68, 'D'),
(44, 104, 1, 68, 'D'),
(44, 105, 1, 73, 'C'),
(44, 101, 2, 75, 'C'),
(44, 102, 2, 75, 'C'),
(44, 103, 2, 96, 'A'),
(44, 104, 2, 91, 'A'),
(44, 105, 2, 63, 'D'),
(45, 101, 1, 49, 'F'),
(45, 102, 1, 87, 'B'),
(45, 103, 1, 75, 'C'),
(45, 104, 1, 42, 'F'),
(45, 105, 1, 41, 'F'),
(45, 101, 2, 46, 'F'),
(45, 102, 2, 59, 'F'),
(45, 103, 2, 91, 'A'),
(45, 104, 2, 56, 'F'),
(45, 105, 2, 90, 'A'),
(46, 101, 1, 40, 'F'),
(46, 102, 1, 49, 'F'),
(46, 103, 1, 43, 'F'),
(46, 104, 1, 62, 'D'),
(46, 105, 1, 44, 'F'),
(46, 101, 2, 95, 'A'),
(46, 102, 2, 54, 'F'),
(46, 103, 2, 63, 'D'),
(46, 104, 2, 62, 'D'),
(46, 105, 2, 50, 'F'),
(47, 101, 1, 79, 'C'),
(47, 102, 1, 77, 'C'),
(47, 103, 1, 97, 'A'),
(47, 104, 1, 64, 'D'),
(47, 105, 1, 94, 'A'),
(47, 101, 2, 94, 'A'),
(47, 102, 2, 45, 'F'),
(47, 103, 2, 55, 'F'),
(47, 104, 2, 84, 'B'),
(47, 105, 2, 95, 'A'),
(48, 101, 1, 63, 'D'),
(48, 102, 1, 61, 'D'),
(48, 103, 1, 66, 'D'),
(48, 104, 1, 65, 'D'),
(48, 105, 1, 69, 'D'),
(48, 101, 2, 88, 'B'),
(48, 102, 2, 73, 'C'),
(48, 103, 2, 83, 'B'),
(48, 104, 2, 72, 'C'),
(48, 105, 2, 79, 'C'),
(49, 101, 1, 94, 'A'),
(49, 102, 1, 95, 'A'),
(49, 103, 1, 85, 'B'),
(49, 104, 1, 65, 'D'),
(49, 105, 1, 74, 'C'),
(49, 101, 2, 54, 'F'),
(49, 102, 2, 42, 'F'),
(49, 103, 2, 72, 'C'),
(49, 104, 2, 58, 'F'),
(49, 105, 2, 40, 'F'),
(50, 101, 1, 96, 'A'),
(50, 102, 1, 66, 'D'),
(50, 103, 1, 41, 'F'),
(50, 104, 1, 64, 'D'),
(50, 105, 1, 69, 'D'),
(50, 101, 2, 90, 'A'),
(50, 102, 2, 47, 'F'),
(50, 103, 2, 54, 'F'),
(50, 104, 2, 95, 'A'),
(50, 105, 2, 95, 'A'),
(51, 101, 1, 68, 'D'),
(51, 102, 1, 47, 'F'),
(51, 103, 1, 57, 'F'),
(51, 104, 1, 84, 'B'),
(51, 105, 1, 47, 'F'),
(51, 101, 2, 63, 'D'),
(51, 102, 2, 94, 'A'),
(51, 103, 2, 93, 'A'),
(51, 104, 2, 40, 'F'),
(51, 105, 2, 55, 'F'),
(52, 101, 1, 82, 'B'),
(52, 102, 1, 72, 'C'),
(52, 103, 1, 81, 'B'),
(52, 104, 1, 46, 'F'),
(52, 105, 1, 91, 'A'),
(52, 101, 2, 60, 'D'),
(52, 102, 2, 58, 'F'),
(52, 103, 2, 64, 'D'),
(52, 104, 2, 43, 'F'),
(52, 105, 2, 77, 'C'),
(53, 101, 1, 58, 'F'),
(53, 102, 1, 92, 'A'),
(53, 103, 1, 43, 'F'),
(53, 104, 1, 50, 'F'),
(53, 105, 1, 43, 'F'),
(53, 101, 2, 47, 'F'),
(53, 102, 2, 88, 'B'),
(53, 103, 2, 76, 'C'),
(53, 104, 2, 43, 'F'),
(53, 105, 2, 60, 'D'),
(54, 101, 1, 46, 'F'),
(54, 102, 1, 87, 'B'),
(54, 103, 1, 94, 'A'),
(54, 104, 1, 82, 'B'),
(54, 105, 1, 40, 'F'),
(54, 101, 2, 45, 'F'),
(54, 102, 2, 48, 'F'),
(54, 103, 2, 64, 'D'),
(54, 104, 2, 59, 'F'),
(54, 105, 2, 50, 'F'),
(55, 101, 1, 76, 'C'),
(55, 102, 1, 69, 'D'),
(55, 103, 1, 48, 'F'),
(55, 104, 1, 91, 'A'),
(55, 105, 1, 73, 'C'),
(55, 101, 2, 82, 'B'),
(55, 102, 2, 98, 'A'),
(55, 103, 2, 87, 'B'),
(55, 104, 2, 73, 'C'),
(55, 105, 2, 54, 'F'),
(56, 101, 1, 93, 'A'),
(56, 102, 1, 85, 'B'),
(56, 103, 1, 50, 'F'),
(56, 104, 1, 55, 'F'),
(56, 105, 1, 45, 'F'),
(56, 101, 2, 52, 'F'),
(56, 102, 2, 57, 'F'),
(56, 103, 2, 80, 'B'),
(56, 104, 2, 80, 'B'),
(56, 105, 2, 51, 'F'),
(57, 101, 1, 49, 'F'),
(57, 102, 1, 91, 'A'),
(57, 103, 1, 86, 'B'),
(57, 104, 1, 85, 'B'),
(57, 105, 1, 83, 'B'),
(57, 101, 2, 100, 'A'),
(57, 102, 2, 71, 'C'),
(57, 103, 2, 65, 'D'),
(57, 104, 2, 77, 'C'),
(57, 105, 2, 46, 'F'),
(58, 101, 1, 45, 'F'),
(58, 102, 1, 57, 'F'),
(58, 103, 1, 67, 'D'),
(58, 104, 1, 76, 'C'),
(58, 105, 1, 90, 'A'),
(58, 101, 2, 80, 'B'),
(58, 102, 2, 40, 'F'),
(58, 103, 2, 79, 'C'),
(58, 104, 2, 45, 'F'),
(58, 105, 2, 46, 'F'),
(59, 101, 1, 80, 'B'),
(59, 102, 1, 89, 'B'),
(59, 103, 1, 91, 'A'),
(59, 104, 1, 97, 'A'),
(59, 105, 1, 85, 'B'),
(59, 101, 2, 70, 'C'),
(59, 102, 2, 74, 'C'),
(59, 103, 2, 97, 'A'),
(59, 104, 2, 60, 'D'),
(59, 105, 2, 45, 'F'),
(60, 101, 1, 69, 'D'),
(60, 102, 1, 44, 'F'),
(60, 103, 1, 55, 'F'),
(60, 104, 1, 53, 'F'),
(60, 105, 1, 43, 'F'),
(60, 101, 2, 42, 'F'),
(60, 102, 2, 83, 'B'),
(60, 103, 2, 82, 'B'),
(60, 104, 2, 41, 'F'),
(60, 105, 2, 93, 'A'),
(61, 101, 1, 60, 'D'),
(61, 102, 1, 49, 'F'),
(61, 103, 1, 69, 'D'),
(61, 104, 1, 47, 'F'),
(61, 105, 1, 40, 'F'),
(61, 101, 2, 64, 'D'),
(61, 102, 2, 91, 'A'),
(61, 103, 2, 60, 'D'),
(61, 104, 2, 68, 'D'),
(61, 105, 2, 44, 'F'),
(62, 101, 1, 85, 'B'),
(62, 102, 1, 43, 'F'),
(62, 103, 1, 45, 'F'),
(62, 104, 1, 75, 'C'),
(62, 105, 1, 96, 'A'),
(62, 101, 2, 43, 'F'),
(62, 102, 2, 62, 'D'),
(62, 103, 2, 40, 'F'),
(62, 104, 2, 90, 'A'),
(62, 105, 2, 68, 'D'),
(63, 101, 1, 99, 'A'),
(63, 102, 1, 43, 'F'),
(63, 103, 1, 85, 'B'),
(63, 104, 1, 98, 'A'),
(63, 105, 1, 44, 'F'),
(63, 101, 2, 54, 'F'),
(63, 102, 2, 74, 'C'),
(63, 103, 2, 69, 'D'),
(63, 104, 2, 68, 'D'),
(63, 105, 2, 45, 'F'),
(64, 101, 1, 64, 'D'),
(64, 102, 1, 43, 'F'),
(64, 103, 1, 41, 'F'),
(64, 104, 1, 56, 'F'),
(64, 105, 1, 57, 'F'),
(64, 101, 2, 80, 'B'),
(64, 102, 2, 77, 'C'),
(64, 103, 2, 96, 'A'),
(64, 104, 2, 70, 'C'),
(64, 105, 2, 51, 'F'),
(65, 101, 1, 95, 'A'),
(65, 102, 1, 58, 'F'),
(65, 103, 1, 80, 'B'),
(65, 104, 1, 44, 'F'),
(65, 105, 1, 59, 'F'),
(65, 101, 2, 95, 'A'),
(65, 102, 2, 64, 'D'),
(65, 103, 2, 61, 'D'),
(65, 104, 2, 50, 'F'),
(65, 105, 2, 74, 'C'),
(66, 101, 1, 68, 'D'),
(66, 102, 1, 40, 'F'),
(66, 103, 1, 58, 'F'),
(66, 104, 1, 91, 'A'),
(66, 105, 1, 100, 'A'),
(66, 101, 2, 71, 'C'),
(66, 102, 2, 90, 'A'),
(66, 103, 2, 82, 'B'),
(66, 104, 2, 60, 'D'),
(66, 105, 2, 93, 'A'),
(67, 101, 1, 69, 'D'),
(67, 102, 1, 88, 'B'),
(67, 103, 1, 76, 'C'),
(67, 104, 1, 70, 'C'),
(67, 105, 1, 82, 'B'),
(67, 101, 2, 48, 'F'),
(67, 102, 2, 94, 'A'),
(67, 103, 2, 97, 'A'),
(67, 104, 2, 88, 'B'),
(67, 105, 2, 93, 'A'),
(68, 101, 1, 58, 'F'),
(68, 102, 1, 68, 'D'),
(68, 103, 1, 43, 'F'),
(68, 104, 1, 70, 'C'),
(68, 105, 1, 82, 'B'),
(68, 101, 2, 64, 'D'),
(68, 102, 2, 46, 'F'),
(68, 103, 2, 57, 'F'),
(68, 104, 2, 41, 'F'),
(68, 105, 2, 100, 'A'),
(69, 101, 1, 86, 'B'),
(69, 102, 1, 95, 'A'),
(69, 103, 1, 57, 'F'),
(69, 104, 1, 92, 'A'),
(69, 105, 1, 56, 'F'),
(69, 101, 2, 88, 'B'),
(69, 102, 2, 94, 'A'),
(69, 103, 2, 89, 'B'),
(69, 104, 2, 51, 'F'),
(69, 105, 2, 52, 'F'),
(70, 101, 1, 72, 'C'),
(70, 102, 1, 98, 'A'),
(70, 103, 1, 62, 'D'),
(70, 104, 1, 79, 'C'),
(70, 105, 1, 77, 'C'),
(70, 101, 2, 95, 'A'),
(70, 102, 2, 82, 'B'),
(70, 103, 2, 79, 'C'),
(70, 104, 2, 72, 'C'),
(70, 105, 2, 71, 'C'),
(71, 101, 1, 65, 'D'),
(71, 102, 1, 78, 'C'),
(71, 103, 1, 100, 'A'),
(71, 104, 1, 52, 'F'),
(71, 105, 1, 41, 'F'),
(71, 101, 2, 67, 'D'),
(71, 102, 2, 82, 'B'),
(71, 103, 2, 86, 'B'),
(71, 104, 2, 82, 'B'),
(71, 105, 2, 61, 'D'),
(72, 101, 1, 73, 'C'),
(72, 102, 1, 80, 'B'),
(72, 103, 1, 61, 'D'),
(72, 104, 1, 47, 'F'),
(72, 105, 1, 46, 'F'),
(72, 101, 2, 73, 'C'),
(72, 102, 2, 93, 'A'),
(72, 103, 2, 42, 'F'),
(72, 104, 2, 72, 'C'),
(72, 105, 2, 94, 'A'),
(73, 101, 1, 64, 'D'),
(73, 102, 1, 63, 'D'),
(73, 103, 1, 51, 'F'),
(73, 104, 1, 64, 'D'),
(73, 105, 1, 40, 'F'),
(73, 101, 2, 77, 'C'),
(73, 102, 2, 82, 'B'),
(73, 103, 2, 100, 'A'),
(73, 104, 2, 63, 'D'),
(73, 105, 2, 43, 'F'),
(74, 101, 1, 75, 'C'),
(74, 102, 1, 97, 'A'),
(74, 103, 1, 58, 'F'),
(74, 104, 1, 73, 'C'),
(74, 105, 1, 71, 'C'),
(74, 101, 2, 93, 'A'),
(74, 102, 2, 95, 'A'),
(74, 103, 2, 77, 'C'),
(74, 104, 2, 87, 'B'),
(74, 105, 2, 72, 'C'),
(75, 101, 1, 97, 'A'),
(75, 102, 1, 68, 'D'),
(75, 103, 1, 50, 'F'),
(75, 104, 1, 80, 'B'),
(75, 105, 1, 94, 'A'),
(75, 101, 2, 60, 'D'),
(75, 102, 2, 49, 'F'),
(75, 103, 2, 46, 'F'),
(75, 104, 2, 44, 'F'),
(75, 105, 2, 78, 'C'),
(76, 101, 1, 95, 'A'),
(76, 102, 1, 76, 'C'),
(76, 103, 1, 44, 'F'),
(76, 104, 1, 92, 'A'),
(76, 105, 1, 56, 'F'),
(76, 101, 2, 77, 'C'),
(76, 102, 2, 66, 'D'),
(76, 103, 2, 45, 'F'),
(76, 104, 2, 89, 'B'),
(76, 105, 2, 75, 'C'),
(77, 101, 1, 100, 'A'),
(77, 102, 1, 95, 'A'),
(77, 103, 1, 67, 'D'),
(77, 104, 1, 78, 'C'),
(77, 105, 1, 91, 'A'),
(77, 101, 2, 77, 'C'),
(77, 102, 2, 91, 'A'),
(77, 103, 2, 77, 'C'),
(77, 104, 2, 61, 'D'),
(77, 105, 2, 87, 'B'),
(78, 101, 1, 84, 'B'),
(78, 102, 1, 50, 'F'),
(78, 103, 1, 66, 'D'),
(78, 104, 1, 48, 'F'),
(78, 105, 1, 77, 'C'),
(78, 101, 2, 95, 'A'),
(78, 102, 2, 76, 'C'),
(78, 103, 2, 66, 'D'),
(78, 104, 2, 52, 'F'),
(78, 105, 2, 58, 'F'),
(79, 101, 1, 50, 'F'),
(79, 102, 1, 90, 'A'),
(79, 103, 1, 59, 'F'),
(79, 104, 1, 59, 'F'),
(79, 105, 1, 47, 'F'),
(79, 101, 2, 88, 'B'),
(79, 102, 2, 75, 'C'),
(79, 103, 2, 72, 'C'),
(79, 104, 2, 49, 'F'),
(79, 105, 2, 88, 'B'),
(80, 101, 1, 40, 'F'),
(80, 102, 1, 88, 'B'),
(80, 103, 1, 85, 'B'),
(80, 104, 1, 44, 'F'),
(80, 105, 1, 65, 'D'),
(80, 101, 2, 42, 'F'),
(80, 102, 2, 46, 'F'),
(80, 103, 2, 86, 'B'),
(80, 104, 2, 92, 'A'),
(80, 105, 2, 82, 'B'),
(81, 101, 1, 63, 'D'),
(81, 102, 1, 47, 'F'),
(81, 103, 1, 99, 'A'),
(81, 104, 1, 87, 'B'),
(81, 105, 1, 53, 'F'),
(81, 101, 2, 46, 'F'),
(81, 102, 2, 93, 'A'),
(81, 103, 2, 85, 'B'),
(81, 104, 2, 95, 'A'),
(81, 105, 2, 46, 'F'),
(82, 101, 1, 68, 'D'),
(82, 102, 1, 40, 'F'),
(82, 103, 1, 55, 'F'),
(82, 104, 1, 61, 'D'),
(82, 105, 1, 97, 'A'),
(82, 101, 2, 41, 'F'),
(82, 102, 2, 99, 'A'),
(82, 103, 2, 80, 'B'),
(82, 104, 2, 97, 'A'),
(82, 105, 2, 62, 'D'),
(83, 101, 1, 45, 'F'),
(83, 102, 1, 78, 'C'),
(83, 103, 1, 50, 'F'),
(83, 104, 1, 51, 'F'),
(83, 105, 1, 57, 'F'),
(83, 101, 2, 79, 'C'),
(83, 102, 2, 62, 'D'),
(83, 103, 2, 97, 'A'),
(83, 104, 2, 85, 'B'),
(83, 105, 2, 65, 'D'),
(84, 101, 1, 68, 'D'),
(84, 102, 1, 67, 'D'),
(84, 103, 1, 48, 'F'),
(84, 104, 1, 92, 'A'),
(84, 105, 1, 90, 'A'),
(84, 101, 2, 89, 'B'),
(84, 102, 2, 50, 'F'),
(84, 103, 2, 83, 'B'),
(84, 104, 2, 72, 'C'),
(84, 105, 2, 78, 'C'),
(85, 101, 1, 62, 'D'),
(85, 102, 1, 99, 'A'),
(85, 103, 1, 73, 'C'),
(85, 104, 1, 55, 'F'),
(85, 105, 1, 42, 'F'),
(85, 101, 2, 89, 'B'),
(85, 102, 2, 76, 'C'),
(85, 103, 2, 49, 'F'),
(85, 104, 2, 74, 'C'),
(85, 105, 2, 81, 'B'),
(86, 101, 1, 87, 'B'),
(86, 102, 1, 77, 'C'),
(86, 103, 1, 40, 'F'),
(86, 104, 1, 77, 'C'),
(86, 105, 1, 82, 'B'),
(86, 101, 2, 88, 'B'),
(86, 102, 2, 95, 'A'),
(86, 103, 2, 74, 'C'),
(86, 104, 2, 73, 'C'),
(86, 105, 2, 57, 'F'),
(87, 101, 1, 89, 'B'),
(87, 102, 1, 59, 'F'),
(87, 103, 1, 90, 'A'),
(87, 104, 1, 95, 'A'),
(87, 105, 1, 58, 'F'),
(87, 101, 2, 98, 'A'),
(87, 102, 2, 59, 'F'),
(87, 103, 2, 61, 'D'),
(87, 104, 2, 49, 'F'),
(87, 105, 2, 82, 'B'),
(88, 101, 1, 84, 'B'),
(88, 102, 1, 42, 'F'),
(88, 103, 1, 67, 'D'),
(88, 104, 1, 94, 'A'),
(88, 105, 1, 99, 'A'),
(88, 101, 2, 75, 'C'),
(88, 102, 2, 66, 'D'),
(88, 103, 2, 82, 'B'),
(88, 104, 2, 45, 'F'),
(88, 105, 2, 51, 'F'),
(89, 101, 1, 73, 'C'),
(89, 102, 1, 59, 'F'),
(89, 103, 1, 67, 'D'),
(89, 104, 1, 49, 'F'),
(89, 105, 1, 41, 'F'),
(89, 101, 2, 78, 'C'),
(89, 102, 2, 67, 'D'),
(89, 103, 2, 45, 'F'),
(89, 104, 2, 69, 'D'),
(89, 105, 2, 73, 'C'),
(90, 101, 1, 92, 'A'),
(90, 102, 1, 68, 'D'),
(90, 103, 1, 84, 'B'),
(90, 104, 1, 40, 'F'),
(90, 105, 1, 62, 'D'),
(90, 101, 2, 79, 'C'),
(90, 102, 2, 70, 'C'),
(90, 103, 2, 86, 'B'),
(90, 104, 2, 84, 'B'),
(90, 105, 2, 71, 'C'),
(91, 101, 1, 88, 'B'),
(91, 102, 1, 40, 'F'),
(91, 103, 1, 87, 'B'),
(91, 104, 1, 55, 'F'),
(91, 105, 1, 56, 'F'),
(91, 101, 2, 88, 'B'),
(91, 102, 2, 69, 'D'),
(91, 103, 2, 100, 'A'),
(91, 104, 2, 98, 'A'),
(91, 105, 2, 93, 'A'),
(92, 101, 1, 98, 'A'),
(92, 102, 1, 100, 'A'),
(92, 103, 1, 79, 'C'),
(92, 104, 1, 86, 'B'),
(92, 105, 1, 56, 'F'),
(92, 101, 2, 42, 'F'),
(92, 102, 2, 78, 'C'),
(92, 103, 2, 84, 'B'),
(92, 104, 2, 91, 'A'),
(92, 105, 2, 51, 'F'),
(93, 101, 1, 62, 'D'),
(93, 102, 1, 45, 'F'),
(93, 103, 1, 82, 'B'),
(93, 104, 1, 45, 'F'),
(93, 105, 1, 92, 'A'),
(93, 101, 2, 77, 'C'),
(93, 102, 2, 77, 'C'),
(93, 103, 2, 72, 'C'),
(93, 104, 2, 97, 'A'),
(93, 105, 2, 95, 'A'),
(94, 101, 1, 76, 'C'),
(94, 102, 1, 60, 'D'),
(94, 103, 1, 77, 'C'),
(94, 104, 1, 69, 'D'),
(94, 105, 1, 62, 'D'),
(94, 101, 2, 63, 'D'),
(94, 102, 2, 53, 'F'),
(94, 103, 2, 41, 'F'),
(94, 104, 2, 58, 'F'),
(94, 105, 2, 70, 'C'),
(95, 101, 1, 55, 'F'),
(95, 102, 1, 67, 'D'),
(95, 103, 1, 47, 'F'),
(95, 104, 1, 72, 'C'),
(95, 105, 1, 89, 'B'),
(95, 101, 2, 86, 'B'),
(95, 102, 2, 77, 'C'),
(95, 103, 2, 79, 'C'),
(95, 104, 2, 55, 'F'),
(95, 105, 2, 74, 'C'),
(96, 101, 1, 76, 'C'),
(96, 102, 1, 66, 'D'),
(96, 103, 1, 69, 'D'),
(96, 104, 1, 74, 'C'),
(96, 105, 1, 77, 'C'),
(96, 101, 2, 85, 'B'),
(96, 102, 2, 97, 'A'),
(96, 103, 2, 97, 'A'),
(96, 104, 2, 84, 'B'),
(96, 105, 2, 81, 'B'),
(97, 101, 1, 55, 'F'),
(97, 102, 1, 51, 'F'),
(97, 103, 1, 49, 'F'),
(97, 104, 1, 62, 'D'),
(97, 105, 1, 41, 'F'),
(97, 101, 2, 83, 'B'),
(97, 102, 2, 76, 'C'),
(97, 103, 2, 86, 'B'),
(97, 104, 2, 58, 'F'),
(97, 105, 2, 89, 'B'),
(98, 101, 1, 71, 'C'),
(98, 102, 1, 83, 'B'),
(98, 103, 1, 83, 'B'),
(98, 104, 1, 95, 'A'),
(98, 105, 1, 99, 'A'),
(98, 101, 2, 76, 'C'),
(98, 102, 2, 60, 'D'),
(98, 103, 2, 53, 'F'),
(98, 104, 2, 85, 'B'),
(98, 105, 2, 74, 'C'),
(99, 101, 1, 69, 'D'),
(99, 102, 1, 59, 'F'),
(99, 103, 1, 77, 'C'),
(99, 104, 1, 71, 'C'),
(99, 105, 1, 80, 'B'),
(99, 101, 2, 85, 'B'),
(99, 102, 2, 62, 'D'),
(99, 103, 2, 48, 'F'),
(99, 104, 2, 55, 'F'),
(99, 105, 2, 64, 'D'),
(100, 101, 1, 74, 'C'),
(100, 102, 1, 75, 'C'),
(100, 103, 1, 71, 'C'),
(100, 104, 1, 55, 'F'),
(100, 105, 1, 96, 'A'),
(100, 101, 2, 62, 'D'),
(100, 102, 2, 64, 'D'),
(100, 103, 2, 96, 'A'),
(100, 104, 2, 44, 'F'),
(100, 105, 2, 56, 'F');